{"cameraMode":{"drawMode":0,"name":"Shaded","section":"Shading Mode"},"sceneLighting":false,"audioPlay":false,"sceneViewState":{"m_AlwaysRefresh":false,"showFog":true,"showSkybox":false,"showFlares":true,"showImageEffects":true,"showParticleSystems":true,"showVisualEffectGraphs":true,"m_FxEnabled":true},"in2DMode":false,"pivot":{"x":468.55828857421877,"y":623.0576782226563,"z":273.963623046875},"rotation":{"x":-0.13926203548908235,"y":0.036232538521289828,"z":-0.005098155699670315,"w":-0.9895808100700378},"size":231.17147827148438,"orthographic":false}