{"cameraMode":{"drawMode":0,"name":"Shaded","section":"Shading Mode"},"sceneLighting":false,"audioPlay":false,"sceneViewState":{"m_AlwaysRefresh":false,"showFog":true,"showSkybox":false,"showFlares":true,"showImageEffects":true,"showParticleSystems":true,"showVisualEffectGraphs":true,"m_FxEnabled":true},"in2DMode":false,"pivot":{"x":0.7716749906539917,"y":0.07688283920288086,"z":-2.321925163269043},"rotation":{"x":0.004591708537191153,"y":0.9537917971611023,"z":-0.3000768721103668,"w":0.014595133252441883},"size":7.193968296051025,"orthographic":false}